-- phpMyAdmin SQL Dump
-- version 4.8.0.1
-- https://www.phpmyadmin.net/
--
-- Host: 127.0.0.1
-- Generation Time: May 29, 2021 at 03:28 AM
-- Server version: 10.1.32-MariaDB
-- PHP Version: 5.6.36

SET SQL_MODE = "NO_AUTO_VALUE_ON_ZERO";
SET AUTOCOMMIT = 0;
START TRANSACTION;
SET time_zone = "+00:00";


/*!40101 SET @OLD_CHARACTER_SET_CLIENT=@@CHARACTER_SET_CLIENT */;
/*!40101 SET @OLD_CHARACTER_SET_RESULTS=@@CHARACTER_SET_RESULTS */;
/*!40101 SET @OLD_COLLATION_CONNECTION=@@COLLATION_CONNECTION */;
/*!40101 SET NAMES utf8mb4 */;

--
-- Database: `dbpenjualan`
--

-- --------------------------------------------------------

--
-- Table structure for table `barang`
--

CREATE TABLE `barang` (
  `id_brg` char(6) COLLATE latin1_general_ci NOT NULL,
  `id_merk` int(3) NOT NULL,
  `id_kat` int(3) NOT NULL,
  `id_sat` int(3) NOT NULL,
  `nama_brg` varchar(70) COLLATE latin1_general_ci NOT NULL,
  `harga_beli` double NOT NULL,
  `harga_jual` double NOT NULL,
  `barcode` varchar(10) COLLATE latin1_general_ci NOT NULL,
  `stock` int(3) NOT NULL
) ENGINE=MyISAM DEFAULT CHARSET=latin1 COLLATE=latin1_general_ci;

--
-- Dumping data for table `barang`
--

INSERT INTO `barang` (`id_brg`, `id_merk`, `id_kat`, `id_sat`, `nama_brg`, `harga_beli`, `harga_jual`, `barcode`, `stock`) VALUES
('BRG013', 18, 18, 15, 'H', 2000, 2000, '9898', 4),
('12344', 3, 1, 3, 'e', 1000, 1000, '2323', 2),
('1', 1, 1, 1, 'ATARAS RAMI MIDDLETON', 40000, 65000, '10001', 4),
('2', 1, 1, 1, 'ATAS BAWAH ADIANA ', 120000, 150000, '10002', 1),
('3', 1, 1, 1, 'ATAS BAWAH CINA', 100000, 140000, '10003', 1),
('4', 1, 1, 1, 'ATAS BAWAH TABU', 80000, 105000, '10004', 1),
('5', 1, 1, 1, 'ATAS BAWAH TALI DOBI', 200000, 260000, '10005', 1),
('6', 1, 1, 1, 'ATASAB JBP', 45000, 65000, '10006', 3),
('7', 1, 1, 1, 'ATASAN 058', 60000, 80000, '10007', 1),
('8', 1, 1, 1, 'ATASAN 1048.489', 75000, 100000, '10008', 2),
('9', 1, 1, 1, 'ATASAN 180-161', 55000, 85000, '10009', 4),
('10', 1, 1, 1, 'ATASAN 2000141', 100000, 130000, '10010', 1),
('11', 1, 1, 1, 'ATASAN 2043/1152943090', 120000, 150000, '10011', 0),
('12', 1, 1, 1, 'ATASAN 246', 40000, 60000, '10012', 1),
('13', 1, 1, 1, 'ATASAN 47-122', 50000, 70000, '10013', 2),
('14', 1, 1, 1, 'ATASAN 8730', 120000, 150000, '10014', 2),
('15', 1, 1, 1, 'ATASAN 8818', 90000, 120000, '10015', 4),
('16', 1, 1, 1, 'ATASAN 9157,9203,9167', 90000, 120000, '10016', 6),
('17', 1, 1, 1, 'ATASAN AJ.24 0175', 75000, 100000, '10017', 2),
('18', 1, 1, 1, 'ATASAN ANGGUN 6510', 110000, 150000, '10018', 3),
('19', 1, 1, 1, 'ATASAN APAZZE 1/2 KANCING', 60000, 80000, '10019', 1),
('20', 1, 1, 1, 'ATASAN APAZZE REMPEL TGN ', 120000, 150000, '10020', 1),
('21', 1, 1, 1, 'ATASAN APPAZE KANCING', 65000, 90000, '10021', 1),
('22', 1, 1, 1, 'ATASAN AT15', 75000, 100000, '10022', 1),
('23', 1, 1, 1, 'ATASAN B00296', 65000, 85000, '10023', 1),
('24', 1, 1, 1, 'ATASAN B930', 65000, 85000, '10024', 1),
('25', 1, 1, 1, 'ATASAN BATIK', 75000, 100000, '10025', 8),
('26', 1, 1, 1, 'ATASAN BATIK ', 30000, 50000, '10026', 3),
('27', 1, 1, 1, 'ATASAN BATU', 110000, 150000, '10027', 1),
('28', 1, 1, 1, 'ATASAN CREP', 70000, 90000, '10028', 1),
('29', 1, 1, 1, 'ATASAN DBE', 35000, 55000, '10029', 3),
('30', 1, 1, 1, 'ATASAN EVITA', 120000, 150000, '10030', 2),
('31', 1, 1, 1, 'ATASAN GELINTE DAREN', 60000, 85000, '10031', 1),
('33', 1, 1, 1, 'ATASAN GLINTE', 45000, 65000, '10033', 1),
('34', 1, 1, 1, 'ATASAN IMES RENDA, ETRIGO', 85000, 120000, '10034', 7),
('35', 1, 1, 1, 'ATASAN K-03', 40000, 60000, '10035', 3),
('36', 1, 1, 1, 'ATASAN KA 06', 40000, 60000, '10036', 2),
('37', 1, 1, 1, 'ATASAN KAOS 364-2', 80000, 110000, '10037', 2),
('38', 1, 1, 1, 'ATASAN KATUN MOTIF', 120000, 160000, '10038', 2),
('39', 1, 1, 1, 'ATASAN KEBAYA BORDIR', 90000, 120000, '10039', 4),
('40', 1, 1, 1, 'ATASAN KEBAYA BRUKAT', 120000, 160000, '10040', 2),
('41', 1, 1, 1, 'ATASAN LEVEY', 30000, 50000, '10041', 1),
('42', 1, 1, 1, 'ATASAN LINA 972', 100000, 130000, '10042', 2),
('43', 1, 1, 1, 'ATASAN MANDATE JUMBO', 25000, 35000, '10043', 19),
('44', 1, 1, 1, 'ATASAN MANDATE L', 25000, 30000, '10044', 16),
('45', 1, 1, 1, 'ATASAN MANDATE M', 21000, 25000, '10045', 6),
('46', 1, 1, 1, 'ATASAN MATAHAR1', 30000, 50000, '10046', 1),
('48', 1, 1, 1, 'ATASAN NK', 55000, 85000, '10048', 2),
('49', 1, 1, 1, 'ATASAN PREWS', 50000, 70000, '10049', 1),
('50', 1, 1, 1, 'ATASAN PUTIH BORDIR', 70000, 120000, '10050', 1),
('51', 1, 1, 1, 'ATASAN PUTIH BORDIR', 70000, 90000, '10051', 2),
('52', 1, 1, 1, 'ATASAN SR/PR 03/01', 75000, 100000, '10052', 1),
('53', 1, 1, 1, 'ATASAN STD', 40000, 60000, '10053', 1),
('54', 1, 1, 1, 'ATASAN SUNDAY 157', 50000, 70000, '10054', 3),
('55', 1, 1, 1, 'ATASAN SUNYUN', 50000, 75000, '10055', 3),
('57', 1, 1, 1, 'ATASAN SYDNEY STEFFI', 60000, 80000, '10057', 1),
('58', 1, 1, 1, 'ATASAN TALI 6/8', 100000, 140000, '10058', 1),
('59', 1, 1, 1, 'ATASAN TALI DOBI', 200000, 260000, '10059', 1),
('60', 1, 1, 1, 'ATASAN TALI PANJANG', 110000, 160000, '10060', 1),
('61', 1, 1, 1, 'ATASAN XIN-XIN', 75000, 100000, '10061', 1),
('62', 1, 1, 1, 'ATASANH SYDNEI STEFFI ', 50000, 70000, '10062', 2),
('63', 1, 1, 1, 'ATASN A7301', 60000, 80000, '10063', 1),
('64', 1, 1, 1, 'AUTER BUNGA', 85000, 110000, '10064', 11),
('65', 1, 1, 1, 'AUTER KALONG', 90000, 120000, '10065', 1),
('66', 1, 1, 1, 'BAJU BAYI', 22500, 30000, '10066', 10),
('67', 1, 1, 1, 'BAJU RENANG DEWASA', 140000, 170000, '10067', 18),
('68', 1, 1, 1, 'BAJU RENANG REMAJA XL,L,M', 120000, 150000, '10068', 3),
('69', 1, 1, 1, 'BAJU TIDUR 040', 40000, 60000, '10069', 2),
('70', 1, 1, 1, 'BAJU TIDUR ', 48000, 70000, '10070', 11),
('71', 1, 1, 1, 'BAJU TIDUR 2045', 47000, 70000, '10071', 3),
('72', 1, 1, 1, 'BAJU TIDUR 222.6', 50000, 70000, '10072', 2),
('73', 1, 1, 1, 'BAJU TIDUR 511', 58000, 85000, '10073', 2),
('74', 1, 1, 1, 'BAJU TIDUR 88242.1', 75000, 100000, '10074', 3),
('75', 1, 1, 1, 'BALMUT', 150000, 180000, '10075', 1),
('76', 1, 1, 1, 'BANDO PU', 8000, 10000, '10076', 6),
('77', 1, 1, 1, 'BANTAL CINTA', 35000, 40000, '10077', 1),
('78', 1, 1, 1, 'BANTAL CINTA MINI', 20000, 25000, '10078', 1),
('79', 1, 1, 1, 'BANTAL GENDANG', 20000, 25000, '10079', 2),
('80', 1, 1, 1, 'BANTAL KEPALA', 45000, 55000, '10080', 4),
('81', 1, 1, 1, 'BANTAL LANTAI', 35000, 40000, '10081', 13),
('82', 1, 1, 1, 'BANTAL PENSIL', 25000, 45000, '10082', 9),
('83', 1, 1, 1, 'BANTAL SOFA', 20000, 25000, '10083', 9),
('85', 1, 1, 1, 'BC KEANU 180', 300000, 390000, '10085', 1),
('86', 1, 1, 1, 'BC KEANU 200', 310000, 420000, '10086', 1),
('87', 1, 1, 1, 'BC SET 120 CALIFORNIA', 180000, 220000, '10087', 2),
('90', 1, 1, 1, 'BROS ACR1', 5000, 7000, '10090', 10),
('91', 1, 1, 1, 'BROS BM,PT', 3750, 6000, '10091', 21),
('92', 1, 1, 1, 'BROS BUNGA', 10000, 15000, '10092', 11),
('BRG014', 1, 0, 1, 'Brosss', 200000, 300000, '10099', 0),
('BRG015', 1, 1, 1, 'Brossss', 200000, 300000, '', 0),
('100', 1, 1, 1, 'BROS DAGU PW', 12000, 15000, '10100', 6),
('101', 1, 1, 1, 'BROS DAGU S', 3333, 7000, '10101', 30),
('102', 1, 1, 1, 'BROS FJ, SACHI', 12500, 20000, '10102', 53),
('103', 1, 1, 1, 'BROS KEPALA', 30000, 40000, '10103', 18),
('104', 1, 1, 1, 'BROS MAGNET', 8400, 15000, '10104', 64),
('105', 1, 1, 1, 'BROS PIN', 3333, 6000, '10105', 70),
('106', 1, 1, 1, 'BROS PJ', 15000, 25000, '10106', 13),
('107', 1, 1, 1, 'BROS PJG', 8000, 12000, '10107', 7),
('108', 1, 1, 1, 'BROS RING', 12500, 20000, '10108', 24),
('109', 1, 1, 1, 'BROS STD', 6250, 10000, '10109', 7),
('111', 1, 1, 1, 'BROS TURKI 2', 7500, 10000, '10111', 66),
('112', 1, 1, 1, 'CELANA  LEGGING L&Y 35-38', 65000, 90000, '10112', 3),
('113', 1, 1, 1, 'CELANA 100284,962850.184', 50000, 70000, '10113', 10),
('114', 1, 1, 1, 'CELANA 101320,101321', 50000, 70000, '10114', 5),
('115', 1, 1, 1, 'CELANA 101430', 60000, 85000, '10115', 1),
('116', 1, 1, 1, 'CELANA 101431', 65000, 90000, '10116', 1),
('117', 1, 1, 1, 'CELANA 3482', 50000, 70000, '10117', 1),
('118', 1, 1, 1, 'CELANA 79238,79239,79237', 35000, 55000, '10118', 10),
('119', 1, 1, 1, 'CELANA 79239', 35000, 55000, '10119', 6),
('120', 1, 1, 1, 'CELANA AR-RAIS', 85000, 110000, '10120', 11),
('121', 1, 1, 1, 'CELANA BMW KECIL', 55000, 75000, '10121', 1),
('122', 1, 1, 1, 'CELANA DENIM PREMIUM', 80000, 110000, '10122', 1),
('123', 1, 1, 1, 'CELANA JSH 27-30', 52000, 75000, '10123', 6),
('124', 1, 1, 1, 'CELANA JSH 31-34', 55000, 80000, '10124', 2),
('126', 1, 1, 1, 'CELANA LAKI BMW BESAR', 60000, 80000, '10126', 9),
('127', 1, 1, 1, 'CELANA LEGGING L&Y 28-30', 55000, 80000, '10127', 12),
('128', 1, 1, 1, 'CELANA LEGGING LEVIS', 75000, 100000, '10128', 17),
('129', 1, 1, 1, 'CELANA RENDA', 60000, 90000, '10129', 18),
('130', 1, 1, 1, 'CELANA SOLID 102,133', 60000, 85000, '10130', 2),
('131', 1, 1, 1, 'CELANA SOLID 102,155', 60000, 85000, '10131', 2),
('132', 1, 1, 1, 'CELANA SOLID 102.98', 63000, 90000, '10132', 1),
('133', 1, 1, 1, 'CIPUT BANDANA', 5000, 7000, '10133', 2),
('134', 1, 1, 1, 'CIPUT BIASA', 4000, 6000, '10134', 50),
('135', 1, 1, 1, 'CIPUT DALTOP MARSYA', 8000, 10000, '10135', 12),
('136', 1, 1, 1, 'CIPUT KERU', 5000, 7000, '10136', 17),
('137', 1, 1, 1, 'CIPUT KERUT PAYET', 8000, 10000, '10137', 18),
('138', 1, 1, 1, 'CIPUT NDALTOP', 3500, 6000, '10138', 14),
('139', 1, 1, 1, 'CIPUT RAJUT', 6000, 10000, '10139', 55),
('140', 1, 1, 1, 'CIPUT RENDA', 2000, 3000, '10140', 2),
('142', 1, 1, 1, 'DOMPET 2035', 30000, 65000, '10142', 2),
('144', 1, 1, 1, 'DOMPET 5060', 45000, 70000, '10144', 2),
('145', 1, 1, 1, 'DOMPET BAELLERRRY', 65000, 90000, '10145', 2),
('146', 1, 1, 1, 'DOMPET E8007', 40000, 60000, '10146', 1),
('147', 1, 1, 1, 'DOMPET FUERDANNI H615-10', 85000, 110000, '10147', 2),
('148', 1, 1, 1, 'DOMPET GUCCI', 135000, 200000, '10148', 3),
('150', 1, 1, 1, 'DOMPET MK', 120000, 150000, '10150', 2),
('152', 1, 1, 1, 'DOMPET X666-17', 80000, 100000, '10152', 1),
('153', 1, 1, 1, 'GAMIS  GAD ', 110000, 150000, '10153', 10),
('155', 1, 1, 1, 'GAMIS 711', 110000, 150000, '10155', 5),
('156', 1, 1, 1, 'GAMIS 807', 90000, 120000, '10156', 1),
('158', 1, 1, 1, 'GAMIS ALEXA 310', 110000, 140000, '10158', 1),
('160', 1, 1, 1, 'GAMIS ANDALUSIA', 350000, 440000, '10160', 1),
('161', 1, 1, 1, 'GAMIS ANNISA DENIM', 150000, 200000, '10161', 2),
('162', 1, 1, 1, 'GAMIS APPAZZE', 135000, 190000, '10162', 6),
('163', 1, 1, 1, 'GAMIS ASHA SIFON', 122142, 170000, '10163', 38),
('165', 1, 1, 1, 'GAMIS ASTA', 150000, 200000, '10165', 1),
('166', 1, 1, 1, 'GAMIS AULIA', 85000, 110000, '10166', 1),
('167', 1, 1, 1, 'GAMIS AZIYAH BALOTELI', 100000, 130000, '10167', 5),
('168', 1, 1, 1, 'GAMIS AZIYAH KATUN', 150000, 200000, '10168', 1),
('169', 1, 1, 1, 'GAMIS BABYDOLL', 70000, 90000, '10169', 1),
('170', 1, 1, 1, 'GAMIS BALOTELI NEW CHILI', 120000, 160000, '10170', 1),
('174', 1, 1, 1, 'GAMIS BBB+1', 250000, 340000, '10174', 2),
('175', 1, 1, 1, 'GAMIS BORKAT', 18000, 260000, '10175', 5),
('176', 1, 1, 1, 'GAMIS BUNGAS ARISHA', 425000, 550000, '10176', 2),
('177', 1, 1, 1, 'GAMIS BUNGAS BEEHARA', 385000, 550000, '10177', 1),
('178', 1, 1, 1, 'GAMIS BUNGAS KHAYSA', 350000, 500000, '10178', 5),
('179', 1, 1, 1, 'GAMIS BUNGAS L005,MEDINA', 365000, 520000, '10179', 1),
('180', 1, 1, 1, 'GAMIS BUNGAS SABRINA', 300000, 430000, '10180', 1),
('181', 1, 1, 1, 'GAMIS BUNGAS SAVANA', 410000, 540000, '10181', 1),
('182', 1, 1, 1, 'GAMIS BUNGAS SYARA', 320000, 460000, '10182', 1),
('184', 1, 1, 1, 'GAMIS CAHAYA', 85000, 110000, '10184', 4),
('185', 1, 1, 1, 'GAMIS CAHAYA RESLETING', 90000, 115000, '10185', 1),
('186', 1, 1, 1, 'GAMIS CAPTAIN JUMBO', 100000, 130000, '10186', 1),
('188', 1, 1, 1, 'GAMIS DENIM BORDIR', 150000, 200000, '10188', 2),
('189', 1, 1, 1, 'GAMIS EMBOS YUKIZI', 240000, 340000, '10189', 2),
('190', 1, 1, 1, 'GAMIS FAHIRA MANSET', 30000, 50000, '10190', 2),
('192', 1, 1, 1, 'GAMIS GISELLA', 200000, 250000, '10192', 1),
('193', 1, 1, 1, 'GAMIS K8071', 120000, 160000, '10193', 1),
('194', 1, 1, 1, 'GAMIS KAJEB STD', 110000, 150000, '10194', 1),
('195', 1, 1, 1, 'GAMIS KAYLA 022 266', 265000, 380000, '10195', 5),
('196', 1, 1, 1, 'GAMIS KAYLA ORGANDI', 350000, 450000, '10196', 2),
('197', 1, 1, 1, 'GAMIS KAYLA ROMPI', 225000, 320000, '10197', 1),
('198', 1, 1, 1, 'GAMIS KAYLA ZAHRA', 265000, 400000, '10198', 2),
('199', 1, 1, 1, 'GAMIS KENZA RENDA AIR', 140000, 170000, '10199', 1),
('200', 1, 1, 1, 'GAMIS KEZIA', 200000, 250000, '10200', 0),
('201', 1, 1, 1, 'GAMIS LINA', 90000, 120000, '10201', 7),
('202', 1, 1, 1, 'GAMIS LINA RENDA', 100000, 130000, '10202', 6),
('203', 1, 1, 1, 'GAMIS LINA XXL', 95000, 130000, '10203', 12),
('204', 1, 1, 1, 'GAMIS LUCKY 01', 130000, 170000, '10204', 1),
('205', 1, 1, 1, 'GAMIS LUCKY 02', 150000, 200000, '10205', 1),
('206', 1, 1, 1, 'GAMIS LUCKY 3', 155000, 200000, '10206', 5),
('208', 1, 1, 1, 'GAMIS MISBY', 100000, 130000, '10208', 1),
('210', 1, 1, 1, 'GAMIS NA POLOS', 60000, 80000, '10210', 1),
('211', 1, 1, 1, 'GAMIS NE 5466', 130000, 170000, '10211', 2),
('212', 1, 1, 1, 'GAMIS NEW ROZA', 120000, 165000, '10212', 3),
('213', 1, 1, 1, 'GAMIS PESTA PITA RAFFA', 250000, 340000, '10213', 1),
('214', 1, 1, 1, 'GAMIS POLOS EX/TUIL', 120000, 170000, '10214', 3),
('215', 1, 1, 1, 'GAMIS PUNIK', 110000, 140000, '10215', 1),
('216', 1, 1, 1, 'GAMIS RAHMAT BORKAT', 100000, 135000, '10216', 1),
('217', 1, 1, 1, 'GAMIS RAMI MIDDLETON', 60000, 85000, '10217', 1),
('218', 1, 1, 1, 'GAMIS REHAN JAGUAR', 180000, 260000, '10218', 6),
('219', 1, 1, 1, 'GAMIS REYHAN KAYU', 135000, 200000, '10219', 9),
('220', 1, 1, 1, 'GAMIS REYHAN SATIN', 200000, 240000, '10220', 4),
('221', 1, 1, 1, 'GAMIS RIA 01/14', 150000, 220000, '10221', 3),
('222', 1, 1, 1, 'GAMIS ROMPI', 115000, 160000, '10222', 1),
('223', 1, 1, 1, 'GAMIS ROMPI RAHMA', 210000, 300000, '10223', 1),
('224', 1, 1, 1, 'GAMIS SHOFIE', 180000, 260000, '10224', 3),
('225', 1, 1, 1, 'GAMIS SOIMAH', 60000, 80000, '10225', 1),
('226', 1, 1, 1, 'GAMIS SUKIZI', 110000, 140000, '10226', 1),
('229', 1, 1, 1, 'GAMIS UCIGAS', 85000, 120000, '10229', 53),
('230', 1, 1, 1, 'GAMIS VIONA 2105', 80000, 100000, '10230', 4),
('231', 1, 1, 1, 'GAMIS WORY STD', 230000, 330000, '10231', 1),
('232', 1, 1, 1, 'GAMIS YUKENSI ANDI', 85000, 110000, '10232', 13),
('234', 1, 1, 1, 'GESPER', 12500, 20000, '10234', 29),
('235', 1, 1, 1, 'GESPER KULIT BESAR', 21000, 30000, '10235', 12),
('236', 1, 1, 1, 'GESPER KULIT KECIL,KEPANG', 15000, 25000, '10236', 16),
('237', 1, 1, 1, 'GULING', 50000, 60000, '10237', 1),
('238', 1, 1, 1, 'HAND BAG', 2750, 5000, '10238', 24),
('239', 1, 1, 1, 'HOME SET', 240000, 300000, '10239', 2),
('240', 1, 1, 1, 'IKAT RAMBUT BESAR', 6000, 8000, '10240', 1),
('242', 1, 1, 1, 'IKAT RAMBUT QQ', 4000, 6000, '10242', 5),
('243', 1, 1, 1, 'IKAT RAMBUT UT', 3000, 5000, '10243', 4),
('244', 1, 1, 1, 'JEPIT QT', 15000, 3000, '10244', 6),
('245', 1, 1, 1, 'JOGER LEVIS 101430', 65000, 85000, '10245', 1),
('247', 1, 1, 1, 'JUMPER', 115000, 160000, '10247', 58),
('248', 1, 1, 1, 'KACA MATA RNG BESAR', 75000, 100000, '10248', 10),
('249', 1, 1, 1, 'KACA MATA RNG KECIL', 25000, 50000, '10249', 9),
('250', 1, 1, 1, 'KADIGAN CERUTI KOMBINASI', 75000, 100000, '10250', 2),
('251', 1, 1, 1, 'KAIN BATIK', 50000, 70000, '10251', 4),
('252', 1, 1, 1, 'KALUNG', 15000, 25000, '10252', 101),
('253', 1, 1, 1, 'KAOS  KAKI SAKURA MTF', 6000, 8000, '10253', 2),
('254', 1, 1, 1, 'KAOS KAKI AB RENDA', 9000, 13000, '10254', 2),
('255', 1, 1, 1, 'KAOS KAKI ANAK LA.STYLE', 6000, 10000, '10255', 12),
('256', 1, 1, 1, 'KAOS KAKI BALMORAL', 10000, 13000, '10256', 4),
('257', 1, 1, 1, 'KAOS KAKI BALMORAL', 10000, 13000, '10257', 1),
('258', 1, 1, 1, 'KAOS KAKI BARBEL 21-22', 8000, 13000, '10258', 13),
('259', 1, 1, 1, 'KAOS KAKI BARBEL 23/24', 7667, 12000, '10259', 29),
('260', 1, 1, 1, 'KAOS KAKI BARBEL 25/26', 8167, 12000, '10260', 24),
('261', 1, 1, 1, 'KAOS KAKI BOLA ANAK BARBEL', 7333, 10000, '10261', 8),
('262', 1, 1, 1, 'KAOS KAKI BOLA DWS BARBEL', 8166, 12000, '10262', 21),
('263', 1, 1, 1, 'KAOS KAKI BOXING SD', 3333, 6000, '10263', 21),
('264', 1, 1, 1, 'KAOS KAKI BOXING SMA', 3400, 6000, '10264', 4),
('265', 1, 1, 1, 'KAOS KAKI BOXING SMP', 3500, 6000, '10265', 28),
('266', 1, 1, 1, 'KAOS KAKI COLOR BOOM', 6667, 10000, '10266', 19),
('267', 1, 1, 1, 'KAOS KAKI FASHION', 6000, 8000, '10267', 8),
('268', 1, 1, 1, 'KAOS KAKI FASHION JARI', 7000, 10000, '10268', 11),
('269', 1, 1, 1, 'KAOS KAKI HINTING MOTIF', 6250, 10000, '10269', 7),
('270', 1, 1, 1, 'KAOS KAKI HINTING MTF', 6700, 10000, '10270', 18),
('271', 1, 1, 1, 'KAOS KAKI HINTING WUDUK', 7100, 10000, '10271', 65),
('272', 1, 1, 1, 'KAOS KAKI HNF/TAGGEH', 3200, 5000, '10272', 3),
('273', 1, 1, 1, 'KAOS KAKI JUNLEI PDK', 2833, 5000, '10273', 10),
('274', 1, 1, 1, 'KAOS KAKI KANIK SC', 6833, 10000, '10274', 42),
('275', 1, 1, 1, 'KAOS KAKI KOREA/WEI MEI', 5000, 8000, '10275', 68),
('276', 1, 1, 1, 'KAOS KAKI MELLYA', 5417, 8000, '10276', 40),
('277', 1, 1, 1, 'KAOS KAKI PRAMUKA 21,23,24', 6667, 10000, '10277', 8),
('278', 1, 1, 1, 'KAOS KAKI PRAMUKA 25', 7400, 10000, '10278', 8),
('279', 1, 1, 1, 'KAOS KAKI QQGZ', 3350, 5000, '10279', 9),
('280', 1, 1, 1, 'KAOS KAKI SAKURA PLS', 8000, 8000, '10280', 2),
('281', 1, 1, 1, 'KAOS KAKI SAKURA WARNA', 6000, 10000, '10281', 9),
('282', 1, 1, 1, 'KAOS KAKI SOKA POLOS', 8833, 10000, '10282', 62),
('283', 1, 1, 1, 'KAOS KAKI TLP AB PLS', 7500, 10000, '10283', 12),
('285', 1, 1, 1, 'KARDIGAN KHADI', 65000, 90000, '10285', 3),
('286', 1, 1, 1, 'KEMEJA 150-180,156.161,176-', 65000, 90000, '10286', 15),
('287', 1, 1, 1, 'KERTAS KADO', 600, 2000, '10287', 16),
('288', 1, 1, 1, 'KERUDUNG 2 LY BASMALLAH', 50000, 70000, '10288', 24),
('289', 1, 1, 1, 'KERUDUNG 2LY CINTIA', 60000, 75000, '10289', 1),
('290', 1, 1, 1, 'KERUDUNG 3 LY CINTIA', 75000, 90000, '10290', 4),
('291', 1, 1, 1, 'KERUDUNG 3 LY MINI ', 45000, 65000, '10291', 1),
('292', 1, 1, 1, 'KERUDUNG 3 LY MINI CINTIA', 45000, 55000, '10292', 2),
('293', 1, 1, 1, 'KERUDUNG ADORA', 55000, 75000, '10293', 1),
('294', 1, 1, 1, 'KERUDUNG ANAK PRES', 15000, 20000, '10294', 3),
('295', 1, 1, 1, 'KERUDUNG ANQUELLA', 35000, 45000, '10295', 2),
('296', 1, 1, 1, 'KERUDUNG AZIZAS', 110000, 130000, '10296', 1),
('297', 1, 1, 1, 'KERUDUNG BABEL VIAN', 55000, 70000, '10297', 5),
('298', 1, 1, 1, 'KERUDUNG BASMALLAH 3 LY', 75000, 100000, '10298', 1),
('299', 1, 1, 1, 'KERUDUNG BASMALLAH XL', 50000, 70000, '10299', 6),
('300', 1, 1, 1, 'KERUDUNG BASMALLAH XXL', 55000, 75000, '10300', 9),
('301', 1, 1, 1, 'KERUDUNG BASMALLAN CRAP', 50000, 65000, '10301', 2),
('302', 1, 1, 1, 'KERUDUNG BILQIS CERUTI', 45000, 60000, '10302', 15),
('303', 1, 1, 1, 'KERUDUNG BILQIS CRAP', 45000, 55000, '10303', 3),
('304', 1, 1, 1, 'KERUDUNG BILQIS CRAP PET', 55000, 65000, '10304', 1),
('305', 1, 1, 1, 'KERUDUNG BINTANG CERUTI', 70000, 90000, '10305', 1),
('306', 1, 1, 1, 'KERUDUNG BUNGAS', 125000, 175000, '10306', 2),
('308', 1, 1, 1, 'KERUDUNG CINTIA REMPEL ', 75000, 90000, '10308', 1),
('309', 1, 1, 1, 'KERUDUNG DASYA BELAH', 25000, 28000, '10309', 11),
('310', 1, 1, 1, 'KERUDUNG DASYA JUMBO', 35000, 40000, '10310', 4),
('311', 1, 1, 1, 'KERUDUNG DASYA OVAL', 22000, 25000, '10311', 6),
('312', 1, 1, 1, 'KERUDUNG DASYA, CHINTIA RD', 75000, 90000, '10312', 1),
('313', 1, 1, 1, 'KERUDUNG FYLA RENDA', 35000, 40000, '10313', 3),
('315', 1, 1, 1, 'KERUDUNG IC SERUT', 30000, 35000, '10315', 1),
('316', 1, 1, 1, 'KERUDUNG IIN CRAP', 40000, 50000, '10316', 2),
('317', 1, 1, 1, 'KERUDUNG IIN CRAP XXXL', 50000, 65000, '10317', 1),
('318', 1, 1, 1, 'KERUDUNG IIN WOLFIS', 50000, 60000, '10318', 3),
('320', 1, 1, 1, 'KERUDUNG IVORY', 30000, 35000, '10320', 4),
('321', 1, 1, 1, 'KERUDUNG JERSEY BILQIS ', 30000, 55000, '10321', 5),
('323', 1, 1, 1, 'KERUDUNG KAIRO YS', 85000, 110000, '10323', 2),
('325', 1, 1, 1, 'KERUDUNG LONG', 45000, 50000, '10325', 1),
('326', 1, 1, 1, 'KERUDUNG LONG JUMBO', 50000, 60000, '10326', 3),
('327', 1, 1, 1, 'KERUDUNG LV/RD', 75000, 90000, '10327', 9),
('328', 1, 1, 1, 'KERUDUNG MAXMARA', 55000, 65000, '10328', 1),
('329', 1, 1, 1, 'KERUDUNG MUMTAZ XXL', 59500, 70000, '10329', 2),
('330', 1, 1, 1, 'KERUDUNG NK/INTAN BESAR', 40000, 50000, '10330', 1),
('331', 1, 1, 1, 'KERUDUNG OVAL BASMALLAH', 55000, 70000, '10331', 4),
('332', 1, 1, 1, 'KERUDUNG PASMINA CRAP', 22000, 30000, '10332', 16),
('334', 1, 1, 1, 'KERUDUNG PASMINA SIFON', 23000, 30000, '10334', 5),
('335', 1, 1, 1, 'KERUDUNG PASMINA WOLFIS', 23000, 30000, '10335', 8),
('336', 1, 1, 1, 'KERUDUNG PRISKET', 35000, 40000, '10336', 4),
('337', 1, 1, 1, 'KERUDUNG RABBANI S', 56250, 62900, '10337', 1),
('338', 1, 1, 1, 'KERUDUNG RIRI', 65000, 80000, '10338', 1),
('339', 1, 1, 1, 'KERUDUNG RIRI 2 WARNA', 45000, 65000, '10339', 4),
('340', 1, 1, 1, 'KERUDUNG RIRI PAYET', 75000, 100000, '10340', 1),
('341', 1, 1, 1, 'KERUDUNG ROSADA 03 M', 46200, 53000, '10341', 2),
('342', 1, 1, 1, 'KERUDUNG R-SA MUTIARA', 60000, 75000, '10342', 1),
('343', 1, 1, 1, 'KERUDUNG R-SA PAYET ', 45000, 55000, '10343', 1),
('345', 1, 1, 1, 'KERUDUNG R-SA TALI', 28000, 35000, '10345', 1),
('346', 1, 1, 1, 'KERUDUNG R-SA TALI BESAR', 30000, 35000, '10346', 1),
('347', 1, 1, 1, 'KERUDUNG SAKINAH M', 43750, 50000, '10347', 1),
('348', 1, 1, 1, 'KERUDUNG SEGI 4 BINTANG ', 40000, 50000, '10348', 4),
('353', 1, 1, 1, 'KERUDUNG SEGI 4 CERUTI', 25000, 35000, '10353', 3),
('354', 1, 1, 1, 'KERUDUNG SEGI 4 GLAMOUR', 23000, 30000, '10354', 23),
('355', 1, 1, 1, 'KERUDUNG SEGI 4 KAIRO', 25000, 30000, '10355', 6),
('357', 1, 1, 1, 'KERUDUNG SEGI 4 NUNAYA', 23000, 30000, '10357', 12),
('358', 1, 1, 1, 'KERUDUNG SEGI 4 ONE TWO', 25000, 30000, '10358', 1),
('359', 1, 1, 1, 'KERUDUNG SEGI 4 PARIS', 10000, 12000, '10359', 25),
('360', 1, 1, 1, 'KERUDUNG SEGI 4 ROBERTO', 18000, 25000, '10360', 58),
('361', 1, 1, 1, 'KERUDUNG SEGI 4 SAUDIA', 15000, 20000, '10361', 4),
('362', 1, 1, 1, 'KERUDUNG SEGI 4 SILK MOTIF', 18000, 25000, '10362', 27),
('363', 1, 1, 1, 'KERUDUNG SEGI 4 SKIN CORN ', 23000, 30000, '10363', 4),
('365', 1, 1, 1, 'KERUDUNG SEGI 4 TIREX', 22000, 25000, '10365', 3),
('366', 1, 1, 1, 'KERUDUNG SEGI 4 UMAMA ', 23000, 30000, '10366', 2),
('367', 1, 1, 1, 'KERUDUNG SEGI 4 VOAL ', 15000, 20000, '10367', 36),
('368', 1, 1, 1, 'KERUDUNG SEGI 4 VOAL POLOS', 17000, 20000, '10368', 66),
('369', 1, 1, 1, 'KERUDUNG SEGI CORN SKIN', 20000, 35000, '10369', 19),
('370', 1, 1, 1, 'KERUDUNG SEGI4 YEFA/BELLA', 20000, 25000, '10370', 5),
('371', 1, 1, 1, 'KERUDUNG SEKOLAH S', 22000, 27000, '10371', 2),
('372', 1, 1, 1, 'KERUDUNG SEKOLAH ST', 22000, 28000, '10372', 1),
('373', 1, 1, 1, 'KERUDUNG SEVIA PAYET', 35000, 40000, '10373', 3),
('375', 1, 1, 1, 'KERUDUNG SOFA BESAR', 45000, 50000, '10375', 1),
('376', 1, 1, 1, 'KERUDUNG SUPER L', 17000, 25000, '10376', 17),
('377', 1, 1, 1, 'KERUDUNG SUPER M', 16000, 20000, '10377', 35),
('378', 1, 1, 1, 'KERUDUNG SUPER S', 15000, 18000, '10378', 20),
('379', 1, 1, 1, 'KERUDUNG TEGAR PITA', 55000, 70000, '10379', 2),
('381', 1, 1, 1, 'KERUDUNG TINA RENDA KECIL', 25000, 30000, '10381', 1),
('382', 1, 1, 1, 'KERUDUNG VIAN SATIN XXXL', 55000, 70000, '10382', 5),
('383', 1, 1, 1, 'KERUDUNG VIAN XXXXL', 65000, 80000, '10383', 3),
('384', 1, 1, 1, 'KERUDUNG WOLLY BASMALLAH', 60000, 80000, '10384', 12),
('386', 1, 1, 1, 'KOKO 22 SEMBILAN PDK', 75000, 100000, '10386', 18),
('387', 1, 1, 1, 'KOKO 22 SEMBILAN PJG', 80000, 110000, '10387', 16),
('388', 1, 1, 1, 'KOKO AL-LUTHFI', 90000, 120000, '10388', 1),
('389', 1, 1, 1, 'KOKO AL-LUTHFI PAKISTAN', 125000, 155000, '10389', 1),
('390', 1, 1, 1, 'KOKO AL-MUBAROK PDK', 60000, 85000, '10390', 30),
('391', 1, 1, 1, 'KOKO AL-MUBAROK PJG', 65000, 90000, '10391', 28),
('392', 1, 1, 1, 'KOKO AMANAH', 90000, 105000, '10392', 1),
('393', 1, 1, 1, 'KOKO AR-RAIS DENIM', 90000, 120000, '10393', 8),
('394', 1, 1, 1, 'KOKO ATAS BAWAH', 150000, 180000, '10394', 5),
('395', 1, 1, 1, 'KOKO AT-TASMAL PJG', 85000, 115000, '10395', 3),
('396', 1, 1, 1, 'KOKO AZWA', 70000, 100000, '10396', 7),
('397', 1, 1, 1, 'KOKO BATIK BADUI', 100000, 125000, '10397', 2),
('399', 1, 1, 1, 'KOKO BENZEMA 417', 80000, 110000, '10399', 1),
('401', 1, 1, 1, 'KOKO BENZEMA 763', 90000, 120000, '10401', 2),
('402', 1, 1, 1, 'KOKO BENZEMA ANAK', 70000, 100000, '10402', 1),
('403', 1, 1, 1, 'KOKO BENZEMA DENIM', 80000, 100000, '10403', 6),
('404', 1, 1, 1, 'KOKO DENIM ANAK', 70000, 100000, '10404', 1),
('405', 1, 1, 1, 'KOKO DENIM AR-RAIS', 110000, 150000, '10405', 1),
('406', 1, 1, 1, 'KOKO ERLITA PDK', 50000, 75000, '10406', 39),
('407', 1, 1, 1, 'KOKO EX KCB', 70000, 100000, '10407', 8),
('408', 1, 1, 1, 'KOKO EX-PA PJG', 80000, 115000, '10408', 2),
('409', 1, 1, 1, 'KOKO EXPRES BORDIR KEONG ', 110000, 150000, '10409', 9),
('410', 1, 1, 1, 'KOKO EXPRES DENIM GARMEN ', 120000, 150000, '10410', 7),
('411', 1, 1, 1, 'KOKO EXPRES DENIM GARMEN ', 110000, 150000, '10411', 10),
('412', 1, 1, 1, 'KOKO EXPRES KEONG', 110000, 150000, '10412', 2),
('413', 1, 1, 1, 'KOKO GAMIS', 150000, 180000, '10413', 7),
('414', 1, 1, 1, 'KOKO GAMIS BENZEMA', 130000, 180000, '10414', 5),
('415', 1, 1, 1, 'KOKO HANIFA BORDIR 12', 55000, 75000, '10415', 1),
('416', 1, 1, 1, 'KOKO HANIFA PJG', 55000, 80000, '10416', 20),
('417', 1, 1, 1, 'KOKO HASGRADINI', 110000, 160000, '10417', 1),
('418', 1, 1, 1, 'KOKO HIS', 65000, 90000, '10418', 8),
('420', 1, 1, 1, 'KOKO JAGUAR PDK', 95000, 130000, '10420', 16),
('421', 1, 1, 1, 'KOKO JAGUAR PJG', 100000, 130000, '10421', 19),
('422', 1, 1, 1, 'KOKO KATUN INDIA', 90000, 120000, '10422', 6),
('423', 1, 1, 1, 'KOKO KCB HIS PJG', 75000, 110000, '10423', 3),
('424', 1, 1, 1, 'KOKO KENCANA BORDIR JUMBO', 100000, 140000, '10424', 5),
('425', 1, 1, 1, 'KOKO KENCANA BORDIR ', 65000, 90000, '10425', 1),
('426', 1, 1, 1, 'KOKO KPM PALESTINE', 100000, 140000, '10426', 4),
('427', 1, 1, 1, 'KOKO PADANG', 135000, 180000, '10427', 2),
('428', 1, 1, 1, 'KOKO PAKISTAN JUMBO', 165000, 200000, '10428', 6),
('429', 1, 1, 1, 'KOKO PALESTINE PDK', 90000, 120000, '10429', 8),
('430', 1, 1, 1, 'KOKO RAFI', 90000, 120000, '10430', 2),
('431', 1, 1, 1, 'KOKO RAFI PJG', 110000, 140000, '10431', 2),
('432', 1, 1, 1, 'KOKO TIARA', 70000, 100000, '10432', 2),
('433', 1, 1, 1, 'KOKO YULIANTI PDK', 80000, 110000, '10433', 8),
('434', 1, 1, 1, 'KULOT 0203', 60000, 85000, '10434', 13),
('435', 1, 1, 1, 'KULOT ', 80000, 110000, '10435', 10),
('436', 1, 1, 1, 'KULOT 86723', 110000, 140000, '10436', 1),
('437', 1, 1, 1, 'KULOT ALADIN', 100000, 130000, '10437', 2),
('438', 1, 1, 1, 'KULOT KTBL 099', 60000, 85000, '10438', 4),
('439', 1, 1, 1, 'KULOT R463', 80000, 105000, '10439', 3),
('440', 1, 1, 1, 'KULOT ROSELA PPL', 70000, 90000, '10440', 1),
('441', 1, 1, 1, 'KULOT ROSELA WAFEL', 95000, 130000, '10441', 3),
('442', 1, 1, 1, 'KULOT ROSELLA', 115000, 145000, '10442', 4),
('443', 1, 1, 1, 'KULOT WAFEL', 75000, 100000, '10443', 6),
('444', 1, 1, 1, 'LEGGING KAOS', 40000, 60000, '10444', 14),
('445', 1, 1, 1, 'LEGGING WUDUK', 45000, 70000, '10445', 1),
('446', 1, 1, 1, 'MANSET ALAWI', 5000, 7000, '10446', 34),
('447', 1, 1, 1, 'MANSET CINCIN RENDA', 12500, 15000, '10447', 28),
('448', 1, 1, 1, 'MANSET HINTING', 9167, 15000, '10448', 47),
('449', 1, 1, 1, 'MANSET JEMPOL RENDA', 9250, 13000, '10449', 4),
('450', 1, 1, 1, 'MANSET PITA', 12500, 15000, '10450', 22),
('451', 1, 1, 1, 'MANSET RAJUT', 10000, 15000, '10451', 9),
('452', 1, 1, 1, 'MANSET REA', 5000, 7000, '10452', 3),
('453', 1, 1, 1, 'MANSET TAZLA PDK', 8000, 10000, '10453', 18),
('454', 1, 1, 1, 'MANSET TAZLIA JEMPOL', 9250, 13000, '10454', 11),
('455', 1, 1, 1, 'MASKER D&R', 5000, 7000, '10455', 7),
('456', 1, 1, 1, 'MASKER ONYX', 3000, 5000, '10456', 1),
('457', 1, 1, 1, 'MASKER POLOS', 1667, 5000, '10457', 17),
('458', 1, 1, 1, 'MUKENA A75', 75000, 110000, '10458', 10),
('459', 1, 1, 1, 'MUKENA ADZKI', 150000, 200000, '10459', 14),
('460', 1, 1, 1, 'MUKENA ANAK JEPANG', 100000, 130000, '10460', 19),
('461', 1, 1, 1, 'MUKENA APUTAI KORNELI', 25000, 50000, '10461', 20),
('462', 1, 1, 1, 'MUKENA APUTAI POLKA', 30000, 50000, '10462', 20),
('463', 1, 1, 1, 'MUKENA AT-TAQWA', 75000, 100000, '10463', 15),
('464', 1, 1, 1, 'MUKENA BALI DP', 65000, 90000, '10464', 5),
('465', 1, 1, 1, 'MUKENA BEHEL PARIS', 262500, 400000, '10465', 2),
('466', 1, 1, 1, 'MUKENA BORDIR UUNG', 85000, 115000, '10466', 2),
('467', 1, 1, 1, 'MUKENA D125', 125000, 160000, '10467', 8),
('468', 1, 1, 1, 'MUKENA DUBAI', 275000, 360000, '10468', 2),
('469', 1, 1, 1, 'MUKENA HANA NEW', 400000, 520000, '10469', 1),
('470', 1, 1, 1, 'MUKENA IYET', 200000, 260000, '10470', 1),
('471', 1, 1, 1, 'MUKENA KAJEB IMPOR', 140000, 180000, '10471', 1),
('472', 1, 1, 1, 'MUKENA KATUN ANAK', 75000, 100000, '10472', 9),
('473', 1, 1, 1, 'MUKENA KATUN TIMBUL', 45000, 70000, '10473', 19),
('474', 1, 1, 1, 'MUKENA KAYUN JUMBO', 180000, 150000, '10474', 4),
('476', 1, 1, 1, 'MUKENA KHODIJAH RAYON', 200000, 260000, '10476', 8),
('477', 1, 1, 1, 'MUKENA KHODIJAH WARNA', 150000, 200000, '10477', 3),
('478', 1, 1, 1, 'MUKENA KRIWIL ANAK', 60000, 85000, '10478', 17),
('479', 1, 1, 1, 'MUKENA KRIWIL DEWASA', 80000, 110000, '10479', 6),
('480', 1, 1, 1, 'MUKENA NOVA', 70000, 100000, '10480', 8),
('481', 1, 1, 1, 'MUKENA RAISA', 300000, 400000, '10481', 5),
('482', 1, 1, 1, 'MUKENA RAYON ANAK', 60000, 80000, '10482', 6),
('483', 1, 1, 1, 'MUKENA RAYON DUBAI', 100000, 140000, '10483', 11),
('484', 1, 1, 1, 'MUKENA RAYON POLOS', 100000, 140000, '10484', 3),
('485', 1, 1, 1, 'MUKENA RENDA WARNA', 200000, 260000, '10485', 1),
('486', 1, 1, 1, 'MUKENA SM3 ANAK', 125000, 170000, '10486', 8),
('487', 1, 1, 1, 'MUKENA SULAM PADANG', 250000, 400000, '10487', 4),
('488', 1, 1, 1, 'MUKENA SUTRA ONI', 275000, 360000, '10488', 3),
('489', 1, 1, 1, 'MUKENA SUTRA TILE BEHEL', 300000, 400000, '10489', 3),
('491', 1, 1, 1, 'MUKENA TERUSAN PARIS', 150000, 210000, '10491', 1),
('492', 1, 1, 1, 'MUKENA VITAGE ANAK', 65000, 110000, '10492', 2),
('493', 1, 1, 1, 'NINJA RESLETING', 12000, 20000, '10493', 25),
('494', 1, 1, 1, 'NINJA TALI', 10000, 15000, '10494', 2),
('495', 1, 1, 1, 'PAPER BAG JM', 4200, 7000, '10495', 36),
('496', 1, 1, 1, 'PAPER BAG STD', 3400, 5000, '10496', 29),
('497', 1, 1, 1, 'PAYUNG ANAK PW', 25000, 30000, '10497', 1),
('498', 1, 1, 1, 'PAYUNG QV', 27000, 35000, '10498', 2),
('499', 1, 1, 1, 'PAYUNG QW', 27000, 35000, '10499', 1),
('500', 1, 1, 1, 'PENITI BESAR', 1000, 2000, '10500', 16),
('502', 1, 1, 1, 'PENITI KRISTAL', 5000, 8000, '10502', 42),
('503', 1, 1, 1, 'PENITI RT', 3500, 6000, '10503', 16),
('504', 1, 1, 1, 'PENITI VT', 1500, 2000, '10504', 48),
('505', 1, 1, 1, 'PENTI', 20000, 30000, '10505', 17),
('506', 1, 1, 1, 'PENTUL R', 3000, 5000, '10506', 15),
('508', 1, 1, 1, 'PENTUL UT', 7500, 10000, '10508', 2),
('510', 1, 1, 1, 'PEWANGI MAWAR', 25000, 30000, '10510', 16),
('511', 1, 1, 1, 'ROK ', 100000, 130000, '10511', 7),
('512', 1, 1, 1, 'ROK A BAHAN', 60000, 85000, '10512', 1),
('513', 1, 1, 1, 'ROK DUBAI', 90000, 120000, '10513', 6),
('514', 1, 1, 1, 'ROK JEANS HONGKONG D002', 75000, 105000, '10514', 1),
('515', 1, 1, 1, 'ROK JEANS HONGKONG D005', 80000, 100000, '10515', 1),
('516', 1, 1, 1, 'ROK JERSEY 221,223', 75000, 100000, '10516', 12),
('517', 1, 1, 1, 'ROK JERSEY TABU', 55000, 75000, '10517', 3),
('518', 1, 1, 1, 'ROK KODORAY', 100000, 130000, '10518', 1),
('519', 1, 1, 1, 'ROK PAYUNG K001-1', 75000, 100000, '10519', 1),
('520', 1, 1, 1, 'ROK PRISKET', 60000, 85000, '10520', 3),
('522', 1, 1, 1, 'ROK WAFEL', 85000, 110000, '10522', 4),
('523', 1, 1, 1, 'ROMPI KENZI', 120000, 150000, '10523', 1),
('524', 1, 1, 1, 'SAJADAH HANNA', 31500, 65000, '10524', 21),
('525', 1, 1, 1, 'SAJADAH QOYYUM', 15000, 25000, '10525', 10),
('526', 1, 1, 1, 'SAJADAH TEBAL YAKAR', 90000, 120000, '10526', 1),
('527', 1, 1, 1, 'SARUNG ATLAS FAVORITE', 46500, 70000, '10527', 17),
('528', 1, 1, 1, 'SARUNG ATLAS IDAMAN', 70000, 90000, '10528', 3),
('529', 1, 1, 1, 'SARUNG BANTAL CINTA', 30000, 40000, '10529', 5),
('530', 1, 1, 1, 'SARUNG BANTAL CINTA MINI', 15000, 25000, '10530', 5),
('532', 1, 1, 1, 'SARUNG BANTAL KOIL', 25000, 30000, '10532', 4),
('533', 1, 1, 1, 'SARUNG BANTAL LANTAI', 30000, 40000, '10533', 3),
('534', 1, 1, 1, 'SARUNG BANTAL SOFA', 17500, 25000, '10534', 21),
('535', 1, 1, 1, 'SARUNG BANTAL/GULING', 17500, 25000, '10535', 70),
('536', 1, 1, 1, 'SARUNG MIRA', 50000, 70000, '10536', 4),
('538', 1, 1, 1, 'SARUNG SOFA 50X50', 25000, 30000, '10538', 5),
('539', 1, 1, 1, 'SARUNG TANGAN ALAWI PDK', 6000, 8000, '10539', 11),
('540', 1, 1, 1, 'SARUNG TANGAN GLOVER', 4483, 8000, '10540', 10),
('541', 1, 1, 1, 'SARUNG TANGAN MACAN', 15000, 15000, '10541', 4),
('542', 1, 1, 1, 'SARUNG WADIMOR', 45000, 60000, '10542', 2),
('543', 1, 1, 1, 'SARUNG WADIMOR BALI', 60000, 100000, '10543', 15),
('546', 1, 1, 1, 'SELIMUT SANJAYA KARAKTER', 45000, 70000, '10546', 4),
('547', 1, 1, 1, 'SELIMUT VITO 150X200', 75000, 100000, '10547', 1),
('548', 1, 1, 1, 'SEPATU 276', 150000, 230000, '10548', 4),
('550', 1, 1, 1, 'SEPATU 8009', 35000, 60000, '10550', 1),
('551', 1, 1, 1, 'SEPATU B55', 30000, 50000, '10551', 2),
('552', 1, 1, 1, 'SEPATU C 968', 135000, 180000, '10552', 3),
('553', 1, 1, 1, 'SEPATU GOFLEX', 355000, 450000, '10553', 5),
('554', 1, 1, 1, 'SEPATU KIDO 126', 165000, 220000, '10554', 1),
('555', 1, 1, 1, 'SEPATU SPORT', 185000, 250000, '10555', 3),
('556', 1, 1, 1, 'SEPREI 120 CATRA', 125000, 170000, '10556', 1),
('557', 1, 1, 1, 'SEPREI BUSA 160', 210000, 240000, '10557', 1),
('558', 1, 1, 1, 'SEPREI BUSA 180', 210000, 260000, '10558', 1),
('559', 1, 1, 1, 'SEPREI CALIFORNIA DUO', 150000, 200000, '10559', 1),
('561', 1, 1, 1, 'SEPREI KATUN JEPANG 180', 275000, 350000, '10561', 1),
('562', 1, 1, 1, 'SEPREI KEANU 100', 110000, 130000, '10562', 5),
('563', 1, 1, 1, 'SEPREI KEANU 120', 115000, 140000, '10563', 6),
('566', 1, 1, 1, 'SEPREI KEANU 160', 150000, 200000, '10566', 2),
('567', 1, 1, 1, 'SEPREI KEANU 160 CATRA', 170000, 230000, '10567', 1),
('568', 1, 1, 1, 'SEPREI KEANU 160/30', 160000, 215000, '10568', 1),
('569', 1, 1, 1, 'SEPREI KEANU 160/30 KING', 170000, 225000, '10569', 1),
('570', 1, 1, 1, 'SEPREI KEANU 180', 155000, 210000, '10570', 2),
('571', 1, 1, 1, 'SEPREI KEANU 180/30', 165000, 220000, '10571', 1),
('572', 1, 1, 1, 'SEPREI RENET 120/30', 190000, 240000, '10572', 1),
('573', 1, 1, 1, 'SEPREI RENET 160/30', 200000, 240000, '10573', 3),
('574', 1, 1, 1, 'SOFA SET', 200000, 250000, '10574', 2),
('575', 1, 1, 1, 'SOFTEK MALAM', 30000, 40000, '10575', 5),
('576', 1, 1, 1, 'SOFTEK SIANG', 250000, 35000, '10576', 26),
('577', 1, 1, 1, 'STOKING SHALAG', 5833, 10000, '10577', 12),
('578', 1, 1, 1, 'SWEATER 201,CORAK', 75000, 100000, '10578', 1),
('579', 1, 1, 1, 'TAS 028', 250000, 350000, '10579', 1),
('580', 1, 1, 1, 'TAS 128-341', 95000, 125000, '10580', 2),
('581', 1, 1, 1, 'TAS 15104', 120000, 160000, '10581', 2),
('582', 1, 1, 1, 'TAS 1511', 190000, 260000, '10582', 2),
('583', 1, 1, 1, 'TAS 1636', 140000, 200000, '10583', 1),
('584', 1, 1, 1, 'TAS 1656', 150000, 200000, '10584', 2),
('585', 1, 1, 1, 'TAS 1836', 125000, 170000, '10585', 2),
('586', 1, 1, 1, 'TAS 188', 320000, 420000, '10586', 1),
('587', 1, 1, 1, 'TAS 2004', 250000, 350000, '10587', 1),
('588', 1, 1, 1, 'TAS 2005', 253000, 330000, '10588', 1),
('589', 1, 1, 1, 'TAS 2018', 180000, 260000, '10589', 1),
('590', 1, 1, 1, 'TAS 2020', 210000, 280000, '10590', 2),
('591', 1, 1, 1, 'TAS 3029', 180000, 260000, '10591', 1),
('592', 1, 1, 1, 'TAS 303', 160000, 210000, '10592', 1),
('593', 1, 1, 1, 'TAS 3231', 170000, 220000, '10593', 1),
('594', 1, 1, 1, 'TAS 3352', 135000, 190000, '10594', 2),
('595', 1, 1, 1, 'TAS 5808', 110000, 150000, '10595', 1),
('596', 1, 1, 1, 'TAS 595', 110000, 160000, '10596', 2),
('597', 1, 1, 1, 'TAS 615 2', 150000, 210000, '10597', 1),
('598', 1, 1, 1, 'TAS 618', 170000, 240000, '10598', 1),
('599', 1, 1, 1, 'TAS 626', 230000, 330000, '10599', 1),
('600', 1, 1, 1, 'TAS 634', 180000, 250000, '10600', 1),
('601', 1, 1, 1, 'TAS 6630', 300000, 400000, '10601', 1),
('604', 1, 1, 1, 'TAS 7599', 80000, 100000, '10604', 1),
('605', 1, 1, 1, 'TAS 818', 160000, 210000, '10605', 1),
('606', 1, 1, 1, 'TAS 8229', 175000, 240000, '10606', 1),
('607', 1, 1, 1, 'TAS 8303-2', 200000, 280000, '10607', 2),
('608', 1, 1, 1, 'TAS 840', 180000, 260000, '10608', 3),
('609', 1, 1, 1, 'TAS 842', 125000, 180000, '10609', 1),
('610', 1, 1, 1, 'TAS 8678', 170000, 240000, '10610', 1),
('611', 1, 1, 1, 'TAS 876-1', 210000, 300000, '10611', 1),
('612', 1, 1, 1, 'TAS 885', 170000, 240000, '10612', 1),
('613', 1, 1, 1, 'TAS 9063', 210000, 280000, '10613', 3),
('614', 1, 1, 1, 'TAS 9786', 125000, 170000, '10614', 3),
('615', 1, 1, 1, 'TAS 9989', 75000, 100000, '10615', 1),
('616', 1, 1, 1, 'TAS CCNN', 130000, 180000, '10616', 1),
('618', 1, 1, 1, 'TAS CHANNEL', 210000, 300000, '10618', 1),
('619', 1, 1, 1, 'TAS F0287', 240000, 320000, '10619', 3),
('620', 1, 1, 1, 'TAS GUCCI', 250000, 350000, '10620', 3),
('621', 1, 1, 1, 'TAS H065-1, H103-2, H098-2', 220000, 300000, '10621', 14),
('622', 1, 1, 1, 'TAS HARVES L', 10000, 18000, '10622', 10),
('623', 1, 1, 1, 'TAS HARVES M / GUCCI', 9000, 15000, '10623', 12),
('624', 1, 1, 1, 'TAS HARVES S', 7000, 13000, '10624', 8),
('625', 1, 1, 1, 'TAS KOSMETIK', 35000, 60000, '10625', 1),
('626', 1, 1, 1, 'TAS LA 02797', 120000, 170000, '10626', 9),
('628', 1, 1, 1, 'TAS N3', 125000, 150000, '10628', 1),
('629', 1, 1, 1, 'TAS SPEEDY/918', 200000, 300000, '10629', 1),
('630', 1, 1, 1, 'TASBIH CINCIN', 4500, 7000, '10630', 3),
('631', 1, 1, 1, 'TERUSAN PARASUT', 50000, 70000, '10631', 4),
('632', 1, 1, 1, 'TUNIK 4058', 135000, 170000, '10632', 1),
('633', 1, 1, 1, 'TUNIK 514 ED, TALI', 90000, 120000, '10633', 1),
('634', 1, 1, 1, 'TUNIK GIVANA/SALUR', 120000, 150000, '10634', 1),
('635', 1, 1, 1, 'TUNIK IMES', 90000, 120000, '10635', 4),
('636', 1, 1, 1, 'TUNIK KODORAY', 135000, 180000, '10636', 3),
('637', 1, 1, 1, 'TUNIK LINA', 68000, 90000, '10637', 4),
('638', 1, 1, 1, 'TUNIK SIDQI', 75000, 100000, '10638', 1),
('639', 1, 1, 1, 'TUNIK YUNA', 120000, 160000, '10639', 1),
('640', 1, 1, 1, 'TUNIK ZIE', 100000, 130000, '10640', 8);

-- --------------------------------------------------------

--
-- Table structure for table `cetak_barcode`
--

CREATE TABLE `cetak_barcode` (
  `id_bar` int(3) NOT NULL,
  `id_brg` char(6) COLLATE latin1_general_ci NOT NULL,
  `qty` int(3) NOT NULL DEFAULT '1'
) ENGINE=MyISAM DEFAULT CHARSET=latin1 COLLATE=latin1_general_ci;

-- --------------------------------------------------------

--
-- Table structure for table `kategori`
--

CREATE TABLE `kategori` (
  `id_kat` int(3) NOT NULL,
  `nama_kat` varchar(30) COLLATE latin1_general_ci NOT NULL
) ENGINE=MyISAM DEFAULT CHARSET=latin1 COLLATE=latin1_general_ci;

--
-- Dumping data for table `kategori`
--

INSERT INTO `kategori` (`id_kat`, `nama_kat`) VALUES
(1, 'Semua Kategori');

-- --------------------------------------------------------

--
-- Table structure for table `merk`
--

CREATE TABLE `merk` (
  `id_merk` int(3) NOT NULL,
  `nama_merk` varchar(30) COLLATE latin1_general_ci NOT NULL
) ENGINE=MyISAM DEFAULT CHARSET=latin1 COLLATE=latin1_general_ci;

--
-- Dumping data for table `merk`
--

INSERT INTO `merk` (`id_merk`, `nama_merk`) VALUES
(1, 'Semua Merk');

-- --------------------------------------------------------

--
-- Table structure for table `penjualan`
--

CREATE TABLE `penjualan` (
  `nota` char(10) COLLATE latin1_general_ci NOT NULL DEFAULT '0',
  `tanggal` date NOT NULL DEFAULT '0000-00-00',
  `jam` time NOT NULL DEFAULT '00:00:00',
  `total` double NOT NULL DEFAULT '0',
  `dibayar` double NOT NULL DEFAULT '0',
  `kembali` double NOT NULL DEFAULT '0',
  `id_user` int(3) NOT NULL
) ENGINE=MyISAM DEFAULT CHARSET=latin1 COLLATE=latin1_general_ci;

--
-- Dumping data for table `penjualan`
--

INSERT INTO `penjualan` (`nota`, `tanggal`, `jam`, `total`, `dibayar`, `kembali`, `id_user`) VALUES
('1905300001', '2019-05-30', '13:02:44', 100000, 100000, 0, 1),
('1905290001', '2019-05-29', '22:04:51', 40000, 40000, 0, 1),
('1909280001', '2019-09-28', '16:54:47', 20000, 20000, 0, 1),
('1909280002', '2019-09-28', '17:25:58', 265000, 270000, 5000, 1),
('1909280003', '2019-09-28', '17:47:38', 600000, 600000, 0, 1),
('1909280004', '2019-09-28', '17:52:12', 468000, 500000, 32000, 1);

-- --------------------------------------------------------

--
-- Table structure for table `satuan`
--

CREATE TABLE `satuan` (
  `id_sat` int(3) NOT NULL,
  `nama_sat` varchar(30) COLLATE latin1_general_ci NOT NULL
) ENGINE=MyISAM DEFAULT CHARSET=latin1 COLLATE=latin1_general_ci;

--
-- Dumping data for table `satuan`
--

INSERT INTO `satuan` (`id_sat`, `nama_sat`) VALUES
(1, 'PCS'),
(2, 'Ons'),
(3, 'Sachet'),
(4, 'Tabung'),
(5, 'Botol'),
(6, 'Unit'),
(8, 'Mg'),
(9, 'Set'),
(10, 'Pound'),
(11, 'Kilo Gram'),
(12, 'Lembar'),
(13, 'Liter'),
(14, 'Box'),
(15, 'Satuan'),
(16, 'Dus'),
(17, 'CM');

-- --------------------------------------------------------

--
-- Table structure for table `toko`
--

CREATE TABLE `toko` (
  `id_toko` int(3) NOT NULL,
  `nama` varchar(30) COLLATE latin1_general_ci NOT NULL,
  `alamat` text COLLATE latin1_general_ci NOT NULL,
  `telp` varchar(30) COLLATE latin1_general_ci NOT NULL,
  `email` varchar(60) COLLATE latin1_general_ci NOT NULL,
  `keterangan` text COLLATE latin1_general_ci NOT NULL
) ENGINE=MyISAM DEFAULT CHARSET=latin1 COLLATE=latin1_general_ci;

--
-- Dumping data for table `toko`
--

INSERT INTO `toko` (`id_toko`, `nama`, `alamat`, `telp`, `email`, `keterangan`) VALUES
(1, 'WEDO COLLECTION', 'Pondok Cilegon Indah Blok E 27 A NO.1-2 Cibeber - Cilegon, Banten', '081254654480', 'elpineswati@gmail.com', '-');

-- --------------------------------------------------------

--
-- Table structure for table `transaksi_jual`
--

CREATE TABLE `transaksi_jual` (
  `id_trans` char(12) COLLATE latin1_general_ci NOT NULL,
  `nota` char(10) COLLATE latin1_general_ci NOT NULL,
  `id_brg` char(6) COLLATE latin1_general_ci NOT NULL,
  `diskon` char(4) COLLATE latin1_general_ci NOT NULL DEFAULT '0%',
  `diskonrp` double DEFAULT NULL,
  `qty` int(3) NOT NULL DEFAULT '1',
  `total` double NOT NULL DEFAULT '0',
  `nomor` int(3) DEFAULT NULL,
  `aktif` int(1) NOT NULL DEFAULT '1'
) ENGINE=MyISAM DEFAULT CHARSET=latin1 COLLATE=latin1_general_ci;

--
-- Dumping data for table `transaksi_jual`
--

INSERT INTO `transaksi_jual` (`id_trans`, `nota`, `id_brg`, `diskon`, `diskonrp`, `qty`, `total`, `nomor`, `aktif`) VALUES
('141002000101', '1410020001', 'BRG010', '7%', 287, 7, 26691, 0, 0),
('141002000201', '1410020002', 'BRG003', '0%', NULL, 1, 15000, 0, 0),
('141002000202', '1410020002', 'BRG002', '0%', NULL, 1, 14000, 0, 0),
('141002000203', '1410020002', 'BRG006', '0%', NULL, 2, 7800, 0, 0),
('141002000204', '1410020002', 'BRG008', '8%', 880, 1, 10120, 0, 0),
('141002000301', '1410020003', 'BRG003', '0%', NULL, 1, 15000, 0, 0),
('141002000302', '1410020003', 'BRG001', '0%', NULL, 1, 24000, 0, 0),
('141002000303', '1410020003', 'BRG008', '7%', 770, 4, 40920, 0, 0),
('141002000401', '1410020004', 'BRG001', '8%', 1920, 3, 66240, 0, 0),
('141002000402', '1410020004', 'BRG004', '15%', 825, 1, 4675, 0, 0),
('141002000403', '1410020004', 'BRG003', '0%', NULL, 4, 60000, 0, 0),
('141002000404', '1410020004', 'BRG009', '5%', 425, 3, 24225, 0, 0),
('141002000405', '1410020004', 'BRG002', '0%', NULL, 1, 14000, 0, 0),
('141002000406', '1410020004', 'BRG006', '10%', 390, 5, 17550, 0, 0),
('141002000407', '1410020004', 'BRG005', '0%', NULL, 1, 3500, 0, 0),
('141003000101', '1410030001', 'BRG011', '0%', NULL, 1, 7000, 0, 0),
('141003000102', '1410030001', 'BRG010', '18%', 738, 1, 3362, 0, 0),
('141003000103', '1410030001', 'BRG001', '0%', NULL, 2, 48000, 0, 0),
('141104000101', '1411040001', 'BRG012', '0%', NULL, 3, 39000, 0, 0),
('141104000102', '1411040001', 'BRG009', '3%', 255, 1, 8245, 0, 0),
('141104000103', '1411040001', 'BRG007', '10%', 870, 1, 7830, 0, 0),
('141104000104', '1411040001', 'BRG001', '5%', 1200, 2, 45600, 0, 0),
('141104000105', '1411040001', 'BRG004', '0%', NULL, 3, 16500, 0, 0),
('141104000201', '1411040002', 'BRG012', '0%', NULL, 2, 26000, 0, 0),
('141104000202', '1411040002', 'BRG008', '0%', NULL, 1, 11000, 0, 0),
('141104000203', '1411040002', 'BRG005', '0%', 0, 5, 17500, 0, 0),
('141104000204', '1411040002', 'BRG003', '10%', 1500, 2, 27000, 0, 0),
('141104000205', '1411040002', 'BRG009', '5%', 425, 1, 8075, 0, 0),
('141105000101', '1411050001', 'BRG012', '0%', NULL, 3, 39000, 0, 0),
('141105000102', '1411050001', 'BRG011', '5%', 350, 1, 6650, 0, 0),
('141105000103', '1411050001', 'BRG007', '10%', 870, 2, 15660, 0, 0),
('141105000104', '1411050001', 'BRG001', '0%', NULL, 1, 24000, 0, 0),
('141105000105', '1411050001', 'BRG005', '0%', NULL, 3, 10500, 0, 0),
('141105000201', '1411050002', 'BRG006', '0%', NULL, 3, 11700, 0, 0),
('141105000202', '1411050002', 'BRG012', '5%', 650, 2, 24700, 0, 0),
('141105000203', '1411050002', 'BRG001', '0%', NULL, 1, 24000, 0, 0),
('141105000204', '1411050002', 'BRG007', '5%', 435, 3, 24795, 0, 0),
('141105000301', '1411050003', 'BRG012', '5%', 650, 3, 37050, 0, 0),
('141105000302', '1411050003', 'BRG003', '0%', NULL, 2, 30000, 0, 0),
('141105000303', '1411050003', 'BRG005', '10%', 350, 5, 15750, 0, 0),
('141105000304', '1411050003', 'BRG010', '0%', NULL, 1, 4100, 0, 0),
('190501000101', '1905010001', 'BRG009', '7%', 595, 1, 7905, 0, 0),
('190501000102', '1905010001', 'BRG002', '0%', NULL, 1, 14000, 0, 0),
('190501000103', '1905010001', 'BRG010', '0%', NULL, 1, 4100, 0, 0),
('190501000301', '1905010003', 'BRG001', '0%', NULL, 2, 48000, 0, 0),
('190501000302', '1905010003', 'BRG005', '20%', 700, 5, 14000, 0, 0),
('190501000401', '1905010004', 'BRG007', '0%', NULL, 20, 174000, 0, 0),
('190501000501', '1905010005', 'BRG003', '0%', NULL, 1, 15000, 0, 0),
('190501000502', '1905010005', 'BRG002', '0%', NULL, 1, 14000, 0, 0),
('190501000503', '1905010005', 'BRG012', '0%', NULL, 10, 130000, 0, 0),
('190501000504', '1905010005', 'BRG006', '10%', 390, 20, 70200, 0, 0),
('190501000601', '1905010006', 'BRG006', '0%', NULL, 1, 3900, 0, 0),
('190501000701', '1905010007', 'BRG002', '0%', NULL, 8, 112000, 0, 0),
('190501000702', '1905010007', 'BRG003', '0%', NULL, 10, 150000, 0, 0),
('190501000703', '1905010007', 'BRG004', '0%', NULL, 25, 137500, 0, 0),
('190501000704', '1905010007', 'BRG012', '0%', NULL, 10, 130000, 0, 0),
('190501000705', '1905010007', 'BRG009', '0%', NULL, 25, 212500, 0, 0),
('190501000706', '1905010007', 'BRG006', '0%', NULL, 12, 46800, 0, 0),
('190501000707', '1905010007', 'BRG007', '0%', NULL, 10, 87000, 0, 0),
('190501000801', '1905010008', 'BRG007', '0%', NULL, 1, 8700, 0, 0),
('190501000901', '1905010009', 'BRG011', '0%', NULL, 2, 14000, 0, 0),
('190501001001', '1905010010', 'BRG010', '0%', NULL, 1, 4100, 0, 0),
('190501001101', '1905010011', 'BRG006', '0%', NULL, 1, 3900, 0, 0),
('190501001102', '1905010011', 'BRG011', '10%', 700, 8, 50400, 0, 0),
('190503000301', '1905030003', 'BRG011', '0%', NULL, 1, 7000, 0, 0),
('190503000302', '1905030003', 'BRG010', '0%', NULL, 1, 4100, 0, 0),
('190505000101', '1905050001', 'BRG012', '0%', NULL, 1, 13000, 0, 0),
('190506000101', '1905060001', 'BRG005', '0%', NULL, 2, 7000, 0, 0),
('190506000102', '1905060001', 'BRG004', '0%', NULL, 1, 5500, 0, 0),
('190507000101', '1905070001', 'BRG008', '0%', NULL, 3, 33000, 0, 0),
('190507000801', '1905070008', 'BRG005', '0%', NULL, 1, 3500, 0, 0),
('190512000101', '1905120001', 'BRG005', '0%', NULL, 1, 3500, 0, 0),
('190512000301', '1905120003', 'BRG008', '0%', NULL, 10, 110000, 0, 0),
('190512000401', '1905120004', 'BRG002', '0%', NULL, 1, 14000, 0, 0),
('190512000402', '1905120004', 'BRG002', '0%', NULL, 1, 14000, 0, 0),
('190512000501', '1905120005', 'BRG004', '0%', NULL, 1, 5500, 0, 0),
('190512000502', '1905120005', 'BRG005', '0%', NULL, 2, 7000, 0, 0),
('190512000601', '1905120006', 'BRG010', '0%', NULL, 1, 4100, 0, 0),
('190512000602', '1905120006', 'BRG010', '0%', NULL, 2, 8200, 0, 0),
('190512000701', '1905120007', 'BRG004', '0%', NULL, 2, 11000, 0, 0),
('190512000702', '1905120007', 'BRG003', '0%', NULL, 1, 15000, 0, 0),
('190512000801', '1905120008', 'BRG009', '0%', NULL, 1, 8500, 0, 0),
('190512000802', '1905120008', 'BRG009', '0%', NULL, 1, 8500, 0, 0),
('190512000901', '1905120009', 'BRG010', '0%', NULL, 1, 4100, 0, 0),
('190512001001', '1905120010', 'BRG012', '0%', NULL, 1, 13000, 0, 0),
('190518000101', '1905180001', 'BRG005', '0%', NULL, 1, 3500, 0, 0),
('190525000101', '1905250001', 'BRG011', '0%', NULL, 4, 28000, 0, 0),
('190525000201', '1905250002', 'BRG010', '0%', NULL, 3, 12300, 0, 0),
('190527000101', '1905270001', 'BRG012', '0%', NULL, 1, 13000, 0, 0),
('190527000102', '1905270001', 'BRG008', '0%', NULL, 4, 44000, 0, 0),
('190529000101', '1905290001', '99', '0%', NULL, 2, 40000, 0, 0),
('190530000101', '1905300001', '99', '0%', NULL, 5, 100000, 0, 0),
('190928000101', '1909280001', '99', '0%', NULL, 1, 20000, 0, 0),
('190928000201', '1909280002', '100', '0%', NULL, 1, 15000, 0, 0),
('190928000202', '1909280002', '200', '0%', NULL, 1, 250000, 0, 0),
('190928000301', '1909280003', 'BRG015', '0%', NULL, 2, 600000, 0, 0),
('190928000401', '1909280004', 'BRG015', '0%', NULL, 1, 300000, 0, 0),
('190928000402', '1909280004', '11', '0%', NULL, 1, 150000, 0, 0),
('190928000403', '1909280004', '91', '0%', NULL, 3, 18000, 0, 0);

-- --------------------------------------------------------

--
-- Table structure for table `user`
--

CREATE TABLE `user` (
  `id_user` int(3) NOT NULL,
  `nama_lengkap` varchar(30) COLLATE latin1_general_ci NOT NULL,
  `username` varchar(30) COLLATE latin1_general_ci NOT NULL,
  `password` varchar(100) COLLATE latin1_general_ci NOT NULL,
  `status` varchar(20) COLLATE latin1_general_ci NOT NULL
) ENGINE=MyISAM DEFAULT CHARSET=latin1 COLLATE=latin1_general_ci;

--
-- Dumping data for table `user`
--

INSERT INTO `user` (`id_user`, `nama_lengkap`, `username`, `password`, `status`) VALUES
(1, 'Admin', 'admin', 'admin', 'admin'),
(2, 'Karyawan', 'karyawan', 'karyawan', 'karyawan');

--
-- Indexes for dumped tables
--

--
-- Indexes for table `barang`
--
ALTER TABLE `barang`
  ADD PRIMARY KEY (`id_brg`);

--
-- Indexes for table `cetak_barcode`
--
ALTER TABLE `cetak_barcode`
  ADD PRIMARY KEY (`id_bar`);

--
-- Indexes for table `kategori`
--
ALTER TABLE `kategori`
  ADD PRIMARY KEY (`id_kat`);

--
-- Indexes for table `merk`
--
ALTER TABLE `merk`
  ADD PRIMARY KEY (`id_merk`);

--
-- Indexes for table `penjualan`
--
ALTER TABLE `penjualan`
  ADD PRIMARY KEY (`nota`);

--
-- Indexes for table `satuan`
--
ALTER TABLE `satuan`
  ADD PRIMARY KEY (`id_sat`);

--
-- Indexes for table `toko`
--
ALTER TABLE `toko`
  ADD PRIMARY KEY (`id_toko`);

--
-- Indexes for table `transaksi_jual`
--
ALTER TABLE `transaksi_jual`
  ADD PRIMARY KEY (`id_trans`);

--
-- Indexes for table `user`
--
ALTER TABLE `user`
  ADD PRIMARY KEY (`id_user`);

--
-- AUTO_INCREMENT for dumped tables
--

--
-- AUTO_INCREMENT for table `cetak_barcode`
--
ALTER TABLE `cetak_barcode`
  MODIFY `id_bar` int(3) NOT NULL AUTO_INCREMENT, AUTO_INCREMENT=58;

--
-- AUTO_INCREMENT for table `kategori`
--
ALTER TABLE `kategori`
  MODIFY `id_kat` int(3) NOT NULL AUTO_INCREMENT, AUTO_INCREMENT=76;

--
-- AUTO_INCREMENT for table `merk`
--
ALTER TABLE `merk`
  MODIFY `id_merk` int(3) NOT NULL AUTO_INCREMENT, AUTO_INCREMENT=31;

--
-- AUTO_INCREMENT for table `satuan`
--
ALTER TABLE `satuan`
  MODIFY `id_sat` int(3) NOT NULL AUTO_INCREMENT, AUTO_INCREMENT=25;

--
-- AUTO_INCREMENT for table `toko`
--
ALTER TABLE `toko`
  MODIFY `id_toko` int(3) NOT NULL AUTO_INCREMENT, AUTO_INCREMENT=2;

--
-- AUTO_INCREMENT for table `user`
--
ALTER TABLE `user`
  MODIFY `id_user` int(3) NOT NULL AUTO_INCREMENT, AUTO_INCREMENT=3;
COMMIT;

/*!40101 SET CHARACTER_SET_CLIENT=@OLD_CHARACTER_SET_CLIENT */;
/*!40101 SET CHARACTER_SET_RESULTS=@OLD_CHARACTER_SET_RESULTS */;
/*!40101 SET COLLATION_CONNECTION=@OLD_COLLATION_CONNECTION */;
